match_id,liga,local,visitante,xg_proyectado_ht,prob_over_05,cuota_over_05,hora_gmt
mt_159946756,comp_574977,Italy,Türkiye,2.07,0.8738,1.025,2026-10-05T18:45:00.000Z
mt_376651205,comp_574977,France,Belgium,1.95,0.857,1.02,2026-10-05T18:45:00.000Z
mt_376651432,comp_574977,Romania,Sweden,1.55,0.7888,1.025,2026-10-05T18:45:00.000Z
mt_893320776,comp_574977,Bosnia & Herzegovina,Poland,1.49,0.7735,1.05,2026-10-05T18:45:00.000Z
mt_024212198,comp_4540,Deportivo Riestra,Central Córdoba,1.37,0.7454,1.111,2026-10-05T19:45:00.000Z
mt_734415699,comp_574977,Northern Ireland,Georgia,1.17,0.6881,1.125,2026-10-05T18:45:00.000Z
mt_734415633,comp_574977,Ukraine,Hungary,1.09,0.6655,1.083,2026-10-05T18:45:00.000Z
mt_987702907,comp_574977,Montenegro,Armenia,1.06,0.6553,1.04,2026-10-05T18:45:00.000Z
mt_206050582,comp_4540,Vélez Sarsfield,Platense,0.96,0.6158,1.125,2026-10-05T22:00:00.000Z
mt_467606010,comp_4540,Estudiantes de La Plata,Gimnasia y Esgrima Mendoza,0.88,0.5833,1.071,2026-10-05T22:00:00.000Z
